a376655a01f6937505350a5919bf10e8be7e0b20,DELETE,regular-file,dags/logs/dbt.log,27200,
4dcc821d24dce7e33f54494e699d009cc810e14a,DELETE,regular-file,logs/dag_id=fifa_world_cup_finals_etl/run_id=manual__2025-11-09T165255.653164+0000/task_id=scrape_fifa_raw_data/attempt=1.log,7857,
86bb59124dd0059e569fbbfdbca87a438fe4e20c,DELETE,regular-file,logs/dag_id=fifa_world_cup_finals_etl/run_id=manual__2025-11-09T165255.653164+0000/task_id=scrape_fifa_raw_data/attempt=2.log,7851,
71e935f1f58cb68e4d41b1887c4139c8a281da55,DELETE,regular-file,logs/dag_id=fifa_world_cup_finals_etl/run_id=manual__2025-11-09T165602.170073+0000/task_id=dbt_run_fifa_world_cup_finals/attempt=1.log,3617,
0b9d6f456cdae66c121ceb95c7dec726d27f923c,DELETE,regular-file,logs/dag_id=fifa_world_cup_finals_etl/run_id=manual__2025-11-09T165602.170073+0000/task_id=dbt_run_fifa_world_cup_finals/attempt=2.log,3590,
b486f3365a9b6350f54ae891f158be20e1b4584d,DELETE,regular-file,logs/dag_id=fifa_world_cup_finals_etl/run_id=manual__2025-11-09T165602.170073+0000/task_id=scrape_fifa_raw_data/attempt=1.log,7857,
da6eb3334364c60282ed86159be9c1690a65919a,DELETE,regular-file,logs/dag_id=fifa_world_cup_finals_etl/run_id=manual__2025-11-09T165602.170073+0000/task_id=scrape_fifa_raw_data/attempt=2.log,2310,
466e6077e8ba0f39f557411624d5fcc1bdd0375d,DELETE,regular-file,logs/dag_id=fifa_world_cup_finals_etl/run_id=manual__2025-11-09T165810.573541+0000/task_id=dbt_run_fifa_world_cup_finals/attempt=1.log,3617,
8330ab04eda5a7061971c6a7422ae760a4a4cdab,DELETE,regular-file,logs/dag_id=fifa_world_cup_finals_etl/run_id=manual__2025-11-09T165810.573541+0000/task_id=dbt_run_fifa_world_cup_finals/attempt=2.log,3579,
a2482ab18d235ee4965a3e24e968db1c49e3a459,DELETE,regular-file,logs/dag_id=fifa_world_cup_finals_etl/run_id=manual__2025-11-09T165810.573541+0000/task_id=scrape_fifa_raw_data/attempt=1.log,7857,
b1a4edf1bd115dfe59a3401da2995b7f26b11bc9,DELETE,regular-file,logs/dag_id=fifa_world_cup_finals_etl/run_id=manual__2025-11-09T165810.573541+0000/task_id=scrape_fifa_raw_data/attempt=2.log,2310,
1df23d65add140aec61407c3570de83426a461ac,DELETE,regular-file,logs/dag_id=fifa_world_cup_finals_etl/run_id=manual__2025-11-09T170016.112355+0000/task_id=dbt_run_fifa_world_cup_finals/attempt=1.log,3614,
3a0bd2c7f226e53ed1dc64a960c46a342a9c059b,DELETE,regular-file,logs/dag_id=fifa_world_cup_finals_etl/run_id=manual__2025-11-09T170016.112355+0000/task_id=dbt_run_fifa_world_cup_finals/attempt=2.log,3611,
49ca605ab5d1dad4317a383398687073969da87b,DELETE,regular-file,logs/dag_id=fifa_world_cup_finals_etl/run_id=manual__2025-11-09T170016.112355+0000/task_id=scrape_fifa_raw_data/attempt=1.log,2308,
8d9873a65d6189250f326379203ca6bf4404ffe0,DELETE,regular-file,logs/dag_id=fifa_world_cup_finals_etl/run_id=manual__2025-11-09T170605.686782+0000/task_id=dbt_run_fifa_world_cup_finals/attempt=1.log,3596,
f150948c8ccf497eade01e09e385b7c4bfade8a0,DELETE,regular-file,logs/dag_id=fifa_world_cup_finals_etl/run_id=manual__2025-11-09T170605.686782+0000/task_id=dbt_run_fifa_world_cup_finals/attempt=2.log,3579,
98ac4a4f810a9808ff108bc063e7bc66a87aca67,DELETE,regular-file,logs/dag_id=fifa_world_cup_finals_etl/run_id=manual__2025-11-09T170605.686782+0000/task_id=scrape_fifa_raw_data/attempt=1.log,2310,
d590bdd33e9c36ea7ae9dcf37fda235428147255,DELETE,regular-file,logs/dag_id=fifa_world_cup_finals_etl/run_id=manual__2025-11-09T170812.782130+0000/task_id=dbt_run_fifa_world_cup_finals/attempt=1.log,3585,
df785fb04fe0eeb795e91d4778410dd6b14557da,DELETE,regular-file,logs/dag_id=fifa_world_cup_finals_etl/run_id=manual__2025-11-09T170812.782130+0000/task_id=dbt_run_fifa_world_cup_finals/attempt=2.log,3579,
eeff36764a25db4242cce585ce464d14b3dcc803,DELETE,regular-file,logs/dag_id=fifa_world_cup_finals_etl/run_id=manual__2025-11-09T170812.782130+0000/task_id=scrape_fifa_raw_data/attempt=1.log,2310,
7f93c2b5f2793b6e920a2b5c96f92f5db696a14a,DELETE,regular-file,logs/dag_id=fifa_world_cup_finals_etl/run_id=manual__2025-11-09T171501.114829+0000/task_id=dbt_run_fifa_world_cup_finals/attempt=1.log,3619,
3ad1841876f36abda84ecc982e426a1956df49f7,DELETE,regular-file,logs/dag_id=fifa_world_cup_finals_etl/run_id=manual__2025-11-09T171501.114829+0000/task_id=scrape_fifa_raw_data/attempt=1.log,2310,
ea71c1834b082e50dd7e5016e712f3bcc310dca2,DELETE,regular-file,logs/dag_id=fifa_world_cup_finals_etl/run_id=manual__2025-11-09T172130.037919+0000/task_id=dbt_run_fifa_world_cup_finals/attempt=1.log,3614,
7b2a2e67fef32cc1c30326cdd6a640a21ae03961,DELETE,regular-file,logs/dag_id=fifa_world_cup_finals_etl/run_id=manual__2025-11-09T172130.037919+0000/task_id=dbt_run_fifa_world_cup_finals/attempt=2.log,3611,
f48124e709ca9d6954dce747265fb0b420244b59,DELETE,regular-file,logs/dag_id=fifa_world_cup_finals_etl/run_id=manual__2025-11-09T172130.037919+0000/task_id=scrape_fifa_raw_data/attempt=1.log,5252,
c46e27703453263516cfed3122a28844071e9260,DELETE,regular-file,logs/dag_id=fifa_world_cup_finals_etl/run_id=manual__2025-11-09T172130.037919+0000/task_id=scrape_fifa_raw_data/attempt=2.log,2307,
5268f1b27dfd281bbafcd4f696f79359685e76cc,DELETE,regular-file,logs/dag_id=fifa_world_cup_finals_etl/run_id=manual__2025-11-09T172401.690411+0000/task_id=dbt_run_fifa_world_cup_finals/attempt=1.log,3614,
c92d15803ba9563f7d150ac5bfbdec4b510cb819,DELETE,regular-file,logs/dag_id=fifa_world_cup_finals_etl/run_id=manual__2025-11-09T172401.690411+0000/task_id=dbt_run_fifa_world_cup_finals/attempt=2.log,3611,
1998ac1bd66411e79eaa4cd84da91c110584f4b5,DELETE,regular-file,logs/dag_id=fifa_world_cup_finals_etl/run_id=manual__2025-11-09T172401.690411+0000/task_id=scrape_fifa_raw_data/attempt=1.log,2307,
e1d2434a3bd8b0cb0651cbfae5e3e60b05c51d14,DELETE,regular-file,logs/dag_id=fifa_world_cup_finals_etl/run_id=manual__2025-11-09T172707.959742+0000/task_id=dbt_run_fifa_world_cup_finals/attempt=1.log,3617,
12199fa38e597a881053ba67b609fd84b12de90e,DELETE,regular-file,logs/dag_id=fifa_world_cup_finals_etl/run_id=manual__2025-11-09T172707.959742+0000/task_id=dbt_run_fifa_world_cup_finals/attempt=2.log,3611,
0739fe31080f4723ecbeff281b4bd0e61c3e650c,DELETE,regular-file,logs/dag_id=fifa_world_cup_finals_etl/run_id=manual__2025-11-09T172707.959742+0000/task_id=scrape_fifa_raw_data/attempt=1.log,2309,
0c1657b250857ecceb04c74af929ae0f42d3f349,DELETE,regular-file,logs/dag_id=fifa_world_cup_finals_etl/run_id=manual__2025-11-09T173539.702851+0000/task_id=dbt_run_fifa_world_cup_finals/attempt=1.log,3617,
90fb1c7c981eecc467d2b0da37272c36f660356a,DELETE,regular-file,logs/dag_id=fifa_world_cup_finals_etl/run_id=manual__2025-11-09T173539.702851+0000/task_id=dbt_run_fifa_world_cup_finals/attempt=2.log,3611,
110cca7ef1846196cdcf498ff8892adb2651ddb6,DELETE,regular-file,logs/dag_id=fifa_world_cup_finals_etl/run_id=manual__2025-11-09T173539.702851+0000/task_id=scrape_fifa_raw_data/attempt=1.log,2309,
8a64af6a3b94966da08456a750fa1bc741899e26,DELETE,regular-file,logs/dag_id=fifa_world_cup_finals_etl/run_id=manual__2025-11-09T174532.360666+0000/task_id=dbt_run_fifa_world_cup_finals/attempt=1.log,3617,
25487b42cb1e330f21fde630cd9940a2020bf782,DELETE,regular-file,logs/dag_id=fifa_world_cup_finals_etl/run_id=manual__2025-11-09T174532.360666+0000/task_id=scrape_fifa_raw_data/attempt=1.log,2309,
5dbcefe705712ac5d0c8e97cbc91f66a9014ad3d,DELETE,regular-file,logs/dag_id=fifa_world_cup_finals_etl/run_id=manual__2025-11-09T174748.337498+0000/task_id=dbt_run_fifa_world_cup_finals/attempt=1.log,3583,
667480ff4bbd060761df172a8b14dfebe9e48116,DELETE,regular-file,logs/dag_id=fifa_world_cup_finals_etl/run_id=manual__2025-11-09T174748.337498+0000/task_id=scrape_fifa_raw_data/attempt=1.log,2309,
1dce3affc6b7ddb6470dc72b412c146cea47e6a7,DELETE,regular-file,logs/dag_id=fifa_world_cup_finals_etl/run_id=manual__2025-11-09T175830.860686+0000/task_id=dbt_run_fifa_world_cup_finals/attempt=1.log,3580,
5a6bec6bfdfc2a8c0f242a0478ec939f65848ae7,DELETE,regular-file,logs/dag_id=fifa_world_cup_finals_etl/run_id=manual__2025-11-09T175830.860686+0000/task_id=dbt_run_fifa_world_cup_finals/attempt=2.log,3574,
cd6cf39e3b3bdd03e38fe02965ea53dfeb694c1a,DELETE,regular-file,logs/dag_id=fifa_world_cup_finals_etl/run_id=manual__2025-11-09T175830.860686+0000/task_id=scrape_fifa_raw_data/attempt=1.log,2307,
48c21f928fbdc67af91c983dc49d5d0a07ea3355,DELETE,regular-file,logs/dag_id=fifa_world_cup_finals_etl/run_id=manual__2025-11-09T180822.054496+0000/task_id=dbt_run_fifa_world_cup_finals/attempt=1.log,3583,
4acc74649b6efb4361b2a3ea201773924592e0a5,DELETE,regular-file,logs/dag_id=fifa_world_cup_finals_etl/run_id=manual__2025-11-09T180822.054496+0000/task_id=dbt_run_fifa_world_cup_finals/attempt=2.log,3577,
e401fa8dbd81eb4eada225dc1141bdfb3c127a89,DELETE,regular-file,logs/dag_id=fifa_world_cup_finals_etl/run_id=manual__2025-11-09T180822.054496+0000/task_id=scrape_fifa_raw_data/attempt=1.log,5472,
3861ad522cb0fba2c3058432f899e1b8a805c0d4,DELETE,regular-file,logs/dag_id=fifa_world_cup_finals_etl/run_id=manual__2025-11-09T180822.054496+0000/task_id=scrape_fifa_raw_data/attempt=2.log,2309,
2efe32e1df48b6211c7aaf07d8c5e657b64c0023,DELETE,regular-file,logs/dag_id=fifa_world_cup_finals_etl/run_id=manual__2025-11-09T180847.069437+0000/task_id=dbt_run_fifa_world_cup_finals/attempt=1.log,3580,
d784f62a8a9d4265725f7c6c8c23748c0e312f61,DELETE,regular-file,logs/dag_id=fifa_world_cup_finals_etl/run_id=manual__2025-11-09T180847.069437+0000/task_id=dbt_run_fifa_world_cup_finals/attempt=2.log,3577,
a223b4f2e835dcb373c746c5103c80e0983300e4,DELETE,regular-file,logs/dag_id=fifa_world_cup_finals_etl/run_id=manual__2025-11-09T180847.069437+0000/task_id=scrape_fifa_raw_data/attempt=1.log,2307,
3490c40bf630b401aaeb0dc5eacac963fd69ae8a,DELETE,regular-file,logs/dag_id=fifa_world_cup_finals_etl/run_id=manual__2025-11-09T180900.054727+0000/task_id=dbt_run_fifa_world_cup_finals/attempt=1.log,3580,
e804dc83ff37801da32fe7a05e8e393f17068b4e,DELETE,regular-file,logs/dag_id=fifa_world_cup_finals_etl/run_id=manual__2025-11-09T180900.054727+0000/task_id=dbt_run_fifa_world_cup_finals/attempt=2.log,3577,
381b8a732206c95d3f4179f6732325eebf45ebd5,DELETE,regular-file,logs/dag_id=fifa_world_cup_finals_etl/run_id=manual__2025-11-09T180900.054727+0000/task_id=scrape_fifa_raw_data/attempt=1.log,2307,
99219edeacf26557aa5c9f72a11a44eb7ba2ee74,DELETE,regular-file,logs/dag_id=fifa_world_cup_finals_etl/run_id=manual__2025-11-09T180902.441621+0000/task_id=dbt_run_fifa_world_cup_finals/attempt=1.log,3583,
4e96482edc3e09fd7d793dd3e398342d7a413788,DELETE,regular-file,logs/dag_id=fifa_world_cup_finals_etl/run_id=manual__2025-11-09T180902.441621+0000/task_id=dbt_run_fifa_world_cup_finals/attempt=2.log,3577,
49a05286d9a10e8cee691071f97ef8bf15b0a307,DELETE,regular-file,logs/dag_id=fifa_world_cup_finals_etl/run_id=manual__2025-11-09T180902.441621+0000/task_id=scrape_fifa_raw_data/attempt=1.log,2307,
1210e3ab93a2cbb6da31685253abceab0b905dbb,DELETE,regular-file,logs/dag_id=fifa_world_cup_finals_etl/run_id=manual__2025-11-09T180916.011885+0000/task_id=dbt_run_fifa_world_cup_finals/attempt=1.log,3583,
c8e192958426b9a83fce67ad266b55c4fbc326d7,DELETE,regular-file,logs/dag_id=fifa_world_cup_finals_etl/run_id=manual__2025-11-09T180916.011885+0000/task_id=dbt_run_fifa_world_cup_finals/attempt=2.log,3577,
5002c05001c368a2a87fee0d6efd2350b04b4f96,DELETE,regular-file,logs/dag_id=fifa_world_cup_finals_etl/run_id=manual__2025-11-09T180916.011885+0000/task_id=scrape_fifa_raw_data/attempt=1.log,2309,
9f5b47ceeb99ee4f266a2b7410c31af4a0b0920e,DELETE,regular-file,logs/dag_id=fifa_world_cup_finals_etl/run_id=manual__2025-11-09T182127.438409+0000/task_id=dbt_run_fifa_world_cup_finals/attempt=1.log,3583,
eb7a40bedb3a6dfee3a84412371270891ec7d794,DELETE,regular-file,logs/dag_id=fifa_world_cup_finals_etl/run_id=manual__2025-11-09T182127.438409+0000/task_id=scrape_fifa_raw_data/attempt=1.log,2309,
0c0fbbbcc184499dcbb953bd056e1b0ea10a63dc,DELETE,regular-file,logs/dag_id=fifa_world_cup_finals_etl/run_id=manual__2025-11-09T182349.049944+0000/task_id=dbt_run_fifa_world_cup_finals/attempt=1.log,3580,
2885f29a95f63ad501e6d62446b042f971ed23ca,DELETE,regular-file,logs/dag_id=fifa_world_cup_finals_etl/run_id=manual__2025-11-09T182349.049944+0000/task_id=scrape_fifa_raw_data/attempt=1.log,2307,
d701f36bdf35e1bb27cedeb7488c436644ca5949,DELETE,regular-file,logs/dag_id=fifa_world_cup_finals_etl/run_id=manual__2025-11-09T182604.465446+0000/task_id=dbt_run_fifa_world_cup_finals/attempt=1.log,3579,
2dd5bbf2b6c43e9c532888d3779df1b4640af42c,DELETE,regular-file,logs/dag_id=fifa_world_cup_finals_etl/run_id=manual__2025-11-09T182604.465446+0000/task_id=scrape_fifa_raw_data/attempt=1.log,2307,
8a32e990ef1225096bb1c45adc3b195da03c3bc9,DELETE,regular-file,logs/dag_id=fifa_world_cup_finals_etl/run_id=manual__2025-11-09T182925.422841+0000/task_id=dbt_run_fifa_world_cup_finals/attempt=1.log,3579,
8c31e8572fdee13a5d41029b9ea17294a2e5cda9,DELETE,regular-file,logs/dag_id=fifa_world_cup_finals_etl/run_id=manual__2025-11-09T182925.422841+0000/task_id=scrape_fifa_raw_data/attempt=1.log,5472,
713e806399b0f41dc7932aa2b8bbe47b596d9d60,DELETE,regular-file,logs/dag_id=fifa_world_cup_finals_etl/run_id=manual__2025-11-09T182925.422841+0000/task_id=scrape_fifa_raw_data/attempt=2.log,2307,
1f6079f057fa792f24ef18026dbc19accbf9b795,DELETE,regular-file,logs/dag_id=fifa_world_cup_finals_etl/run_id=manual__2025-11-09T182936.763755+0000/task_id=dbt_run_fifa_world_cup_finals/attempt=1.log,3579,
52dd3d46fae0bc0f118f3efabf2bc97d227943a0,DELETE,regular-file,logs/dag_id=fifa_world_cup_finals_etl/run_id=manual__2025-11-09T182936.763755+0000/task_id=dbt_run_fifa_world_cup_finals/attempt=2.log,3576,
a4bae8dee3df581ad990539d0a875945923a918d,DELETE,regular-file,logs/dag_id=fifa_world_cup_finals_etl/run_id=manual__2025-11-09T182936.763755+0000/task_id=scrape_fifa_raw_data/attempt=1.log,2307,
70889dfb37ddcbf46b846916266713d7ff00cd01,DELETE,regular-file,logs/dag_id=fifa_world_cup_finals_etl/run_id=manual__2025-11-09T184305.821174+0000/task_id=dbt_run_fifa_world_cup_finals/attempt=1.log,3579,
b834e8dea5fa5880c009254b8bafbd436a49aa6c,DELETE,regular-file,logs/dag_id=fifa_world_cup_finals_etl/run_id=manual__2025-11-09T184305.821174+0000/task_id=scrape_fifa_raw_data/attempt=1.log,2307,
472b012d33815d29c9a670e29d341e49e47770c7,DELETE,regular-file,logs/dag_id=fifa_world_cup_finals_etl/run_id=manual__2025-11-09T185032.162911+0000/task_id=scrape_fifa_raw_data/attempt=1.log,5472,
5e1d78ac39f036a6189e414301941b1220e4a173,DELETE,regular-file,logs/dag_id=fifa_world_cup_finals_etl/run_id=manual__2025-11-09T185039.210713+0000/task_id=dbt_run_fifa_world_cup_finals/attempt=1.log,3579,
34f8ee922420198073dad235f7220f392bb56c6e,DELETE,regular-file,logs/dag_id=fifa_world_cup_finals_etl/run_id=manual__2025-11-09T185039.210713+0000/task_id=scrape_fifa_raw_data/attempt=1.log,2307,
3976277e47031aa384e699a2387974762aab2d7d,DELETE,regular-file,logs/dag_id=fifa_world_cup_finals_etl/run_id=manual__2025-11-09T185621.722735+0000/task_id=dbt_run_fifa_world_cup_finals/attempt=1.log,3579,
d684dc714fae4161f0d0f9e786a8fab1024a597d,DELETE,regular-file,logs/dag_id=fifa_world_cup_finals_etl/run_id=manual__2025-11-09T185621.722735+0000/task_id=scrape_fifa_raw_data/attempt=1.log,2307,
ea50bc436dab911c29b7a62fbd1a227602a4c91a,DELETE,regular-file,logs/dag_id=fifa_world_cup_finals_etl/run_id=manual__2025-11-09T190017.407810+0000/task_id=dbt_run_fifa_world_cup_finals/attempt=1.log,3579,
1c9973ab9c9814d4d867ed61462e997b2035f4a5,DELETE,regular-file,logs/dag_id=fifa_world_cup_finals_etl/run_id=manual__2025-11-09T190017.407810+0000/task_id=scrape_fifa_raw_data/attempt=1.log,2307,
f59ab56326a8d7324067bdd4d9f98c94ed4c5cfc,DELETE,regular-file,logs/dag_id=fifa_world_cup_finals_etl/run_id=manual__2025-11-09T190551.035822+0000/task_id=dbt_run_fifa_world_cup_finals/attempt=1.log,3625,
9666ce937e975d41ed9179f499d3f58d889800e8,DELETE,regular-file,logs/dag_id=fifa_world_cup_finals_etl/run_id=manual__2025-11-09T190551.035822+0000/task_id=scrape_fifa_raw_data/attempt=1.log,2307,
d98b28480e691fb68def92305b33a75aa16eac3d,DELETE,regular-file,logs/dag_id=fifa_world_cup_finals_etl/run_id=manual__2025-11-09T190830.381287+0000/task_id=dbt_run_fifa_world_cup_finals/attempt=1.log,3579,
923c644f1433d453653c1ce46cea963d4a3c0ee1,DELETE,regular-file,logs/dag_id=fifa_world_cup_finals_etl/run_id=manual__2025-11-09T190830.381287+0000/task_id=dbt_run_fifa_world_cup_finals/attempt=2.log,3637,
af8b642d788461b5337c2ef04382572c16eab0d2,DELETE,regular-file,logs/dag_id=fifa_world_cup_finals_etl/run_id=manual__2025-11-09T190830.381287+0000/task_id=scrape_fifa_raw_data/attempt=1.log,5472,
70f686cae207e3fbaec793c1b808949676ccfc68,DELETE,regular-file,logs/dag_id=fifa_world_cup_finals_etl/run_id=manual__2025-11-09T190830.381287+0000/task_id=scrape_fifa_raw_data/attempt=2.log,2307,
c401e30b5b46975ff590e2cae4816bfff5d7265a,DELETE,regular-file,logs/dag_id=fifa_world_cup_finals_etl/run_id=manual__2025-11-09T190912.899750+0000/task_id=dbt_run_fifa_world_cup_finals/attempt=1.log,3579,
563ff38303d004897195cc6ba51c512b6efcc5fb,DELETE,regular-file,logs/dag_id=fifa_world_cup_finals_etl/run_id=manual__2025-11-09T190912.899750+0000/task_id=dbt_run_fifa_world_cup_finals/attempt=2.log,3576,
4c3d059dafb93d42767f43f55c9d9d6597b64717,DELETE,regular-file,logs/dag_id=fifa_world_cup_finals_etl/run_id=manual__2025-11-09T190912.899750+0000/task_id=scrape_fifa_raw_data/attempt=1.log,2307,
edd1d71ff76b873a9403cda4ca9eb323220da6bb,DELETE,regular-file,logs/dag_id=fifa_world_cup_finals_etl/run_id=manual__2025-11-09T192011.796776+0000/task_id=dbt_run_fifa_world_cup_finals/attempt=1.log,3640,
95484076240333885667bf2829e98e7716b4c6f8,DELETE,regular-file,logs/dag_id=fifa_world_cup_finals_etl/run_id=manual__2025-11-09T192011.796776+0000/task_id=dbt_run_fifa_world_cup_finals/attempt=2.log,3573,
8dffe69fa5bbcefa9e587fe0266771a9b926ccf6,DELETE,regular-file,logs/dag_id=fifa_world_cup_finals_etl/run_id=manual__2025-11-09T192011.796776+0000/task_id=scrape_fifa_raw_data/attempt=1.log,2307,
d03a71b4289a2de0d052ca921588192dd28b73f6,DELETE,regular-file,logs/dag_id=fifa_world_cup_finals_etl/run_id=manual__2025-11-09T192717.133288+0000/task_id=dbt_run_fifa_world_cup_finals/attempt=1.log,3579,
2abd7326ae84f5cb03dabd20ff250bc8e25be610,DELETE,regular-file,logs/dag_id=fifa_world_cup_finals_etl/run_id=manual__2025-11-09T192717.133288+0000/task_id=scrape_fifa_raw_data/attempt=1.log,2307,
6590089885e33bcf8dba7b7eb99e3a1273996ff0,DELETE,regular-file,logs/dag_id=fifa_world_cup_finals_etl/run_id=manual__2025-11-09T192941.927115+0000/task_id=dbt_run_fifa_world_cup_finals/attempt=1.log,3637,
23a7f7f258f9164e0483f51014f2010c52647e12,DELETE,regular-file,logs/dag_id=fifa_world_cup_finals_etl/run_id=manual__2025-11-09T192941.927115+0000/task_id=scrape_fifa_raw_data/attempt=1.log,5472,
53237c8ed392d15c2e9a78250eb6cacd6ea8388c,DELETE,regular-file,logs/dag_id=fifa_world_cup_finals_etl/run_id=manual__2025-11-09T192941.927115+0000/task_id=scrape_fifa_raw_data/attempt=2.log,2307,
b5e55b088efeb141de921e6b064c2c8bcbf33bf9,DELETE,regular-file,logs/dag_id=fifa_world_cup_finals_etl/run_id=manual__2025-11-09T192954.059180+0000/task_id=dbt_run_fifa_world_cup_finals/attempt=1.log,3637,
63a0863279202abfd33fd2d30ba31d043e8af798,DELETE,regular-file,logs/dag_id=fifa_world_cup_finals_etl/run_id=manual__2025-11-09T192954.059180+0000/task_id=dbt_run_fifa_world_cup_finals/attempt=2.log,3634,
b092a66d3f0ca082552a47f5219523c4ee99b77b,DELETE,regular-file,logs/dag_id=fifa_world_cup_finals_etl/run_id=manual__2025-11-09T192954.059180+0000/task_id=scrape_fifa_raw_data/attempt=1.log,2307,
25d1113116c0862e55c3fb48748235bf7478b9a7,DELETE,regular-file,logs/dag_id=fifa_world_cup_finals_etl/run_id=manual__2025-11-09T194036.110743+0000/task_id=dbt_run_fifa_world_cup_finals/attempt=1.log,3680,
b2de69247f564853e22c377d756787e3b42ad4e2,DELETE,regular-file,logs/dag_id=fifa_world_cup_finals_etl/run_id=manual__2025-11-09T194036.110743+0000/task_id=dbt_run_fifa_world_cup_finals/attempt=2.log,3674,
1b447072811af09e859845655e25af4ddc2d3132,DELETE,regular-file,logs/dag_id=fifa_world_cup_finals_etl/run_id=manual__2025-11-09T194036.110743+0000/task_id=scrape_fifa_raw_data/attempt=1.log,2307,
913b6687b518131b04bd6560c46efae9080c3023,DELETE,regular-file,logs/dag_id=fifa_world_cup_finals_etl/run_id=manual__2025-11-09T195857.842362+0000/task_id=dbt_run_fifa_world_cup_finals/attempt=1.log,3680,
af9b0bed6535e25b43c43447e4f3fe07f3674f46,DELETE,regular-file,logs/dag_id=fifa_world_cup_finals_etl/run_id=manual__2025-11-09T195857.842362+0000/task_id=diagnose_dbt_path/attempt=1.log,4794,
b7a32c8a574c68a1e8f04ea7ab64bbf8b0684b0d,DELETE,regular-file,logs/dag_id=fifa_world_cup_finals_etl/run_id=manual__2025-11-09T195857.842362+0000/task_id=scrape_fifa_raw_data/attempt=1.log,2307,
7f4e48e70a8c21c05b438f6362062a16b021550a,DELETE,regular-file,logs/dag_id=fifa_world_cup_finals_etl/run_id=manual__2025-11-09T195857.842362+0000/task_id=wait_for_postgres/attempt=1.log,3277,
7765e78bb1dfa821f941d460d39a03d605a0d8aa,DELETE,regular-file,logs/dag_id=fifa_world_cup_finals_etl/run_id=manual__2025-11-09T200444.963618+0000/task_id=dbt_run_fifa_world_cup_finals/attempt=1.log,3579,
90466f7ce60e09769bb97e490e60599bfffb7dda,DELETE,regular-file,logs/dag_id=fifa_world_cup_finals_etl/run_id=manual__2025-11-09T200444.963618+0000/task_id=diagnose_dbt_path/attempt=1.log,3653,
4189358bc3aa867f7fbe87de72a719e7548faa56,DELETE,regular-file,logs/dag_id=fifa_world_cup_finals_etl/run_id=manual__2025-11-09T200444.963618+0000/task_id=scrape_fifa_raw_data/attempt=1.log,2307,
164dc2a71d24877310235f2f16e83be45755fa0d,DELETE,regular-file,logs/dag_id=fifa_world_cup_finals_etl/run_id=manual__2025-11-09T200444.963618+0000/task_id=wait_for_postgres/attempt=1.log,3277,
f3f04f42b3bd4ff30044cfd4ee692200975e6d9d,DELETE,regular-file,logs/dag_id=fifa_world_cup_finals_etl/run_id=manual__2025-11-09T201152.250914+0000/task_id=dbt_run_fifa_world_cup_finals/attempt=1.log,3582,
c5d07efdf508244b032f9d9c209a724bc68f8572,DELETE,regular-file,logs/dag_id=fifa_world_cup_finals_etl/run_id=manual__2025-11-09T201152.250914+0000/task_id=scrape_fifa_raw_data/attempt=1.log,5472,
43ee8398d5f56d5adf90e28146284aab5beccef7,DELETE,regular-file,logs/dag_id=fifa_world_cup_finals_etl/run_id=manual__2025-11-09T201152.250914+0000/task_id=scrape_fifa_raw_data/attempt=2.log,2309,
120afde64b26bd54a6020699e15e2cd95ed5de7f,DELETE,regular-file,logs/dag_id=fifa_world_cup_finals_etl/run_id=manual__2025-11-09T201152.250914+0000/task_id=wait_for_postgres/attempt=1.log,3277,
c5253ca907d9a986d1532c5211c9631fe74fbd64,DELETE,regular-file,logs/dag_id=fifa_world_cup_finals_etl/run_id=manual__2025-11-09T201157.596148+0000/task_id=dbt_run_fifa_world_cup_finals/attempt=1.log,3579,
48581f029b8d7884b8793756278a636a16c673c5,DELETE,regular-file,logs/dag_id=fifa_world_cup_finals_etl/run_id=manual__2025-11-09T201157.596148+0000/task_id=dbt_run_fifa_world_cup_finals/attempt=2.log,3576,
7637faccd83fe1e3816649a39d601c5249ac34fb,DELETE,regular-file,logs/dag_id=fifa_world_cup_finals_etl/run_id=manual__2025-11-09T201157.596148+0000/task_id=scrape_fifa_raw_data/attempt=1.log,2307,
8d562c04ed8bad44af1263e0c79d18f3c7be03d4,DELETE,regular-file,logs/dag_id=fifa_world_cup_finals_etl/run_id=manual__2025-11-09T201157.596148+0000/task_id=wait_for_postgres/attempt=1.log,3277,
578e16f401ef348ca9e45a479af1399324f80251,DELETE,regular-file,logs/dag_id=fifa_world_cup_finals_etl/run_id=manual__2025-11-09T202055.664676+0000/task_id=dbt_run_fifa_world_cup_finals/attempt=1.log,3579,
97c712c97ebd659775e6c2955894dde28f9502e4,DELETE,regular-file,logs/dag_id=fifa_world_cup_finals_etl/run_id=manual__2025-11-09T202055.664676+0000/task_id=scrape_fifa_raw_data/attempt=1.log,2307,
a9015c43633e665ad53a1a9560bad04d090009df,DELETE,regular-file,logs/dag_id=fifa_world_cup_finals_etl/run_id=manual__2025-11-09T202055.664676+0000/task_id=wait_for_postgres/attempt=1.log,3277,
e6d783fcfeedb42c028a54b90033763fc18f0305,DELETE,regular-file,logs/dag_id=fifa_world_cup_finals_etl/run_id=manual__2025-11-09T202455.741584+0000/task_id=scrape_fifa_raw_data/attempt=1.log,5472,
2813517e15f8e058d09e5a3cc3b49d80fecf3b51,DELETE,regular-file,logs/dag_id=fifa_world_cup_finals_etl/run_id=manual__2025-11-09T202455.741584+0000/task_id=wait_for_postgres/attempt=1.log,3277,
4dee9433d75ea190178768267a704ffe9be1ea9e,DELETE,regular-file,logs/dag_id=fifa_world_cup_finals_etl/run_id=manual__2025-11-09T202550.956292+0000/task_id=dbt_run_fifa_world_cup_finals/attempt=1.log,3640,
42e78ba8dca85e50478658abd023e70637eba53e,DELETE,regular-file,logs/dag_id=fifa_world_cup_finals_etl/run_id=manual__2025-11-09T202550.956292+0000/task_id=scrape_fifa_raw_data/attempt=1.log,2307,
8274b49f04a634db1f433e81409ca10cf1d94d1c,DELETE,regular-file,logs/dag_id=fifa_world_cup_finals_etl/run_id=manual__2025-11-09T202550.956292+0000/task_id=wait_for_postgres/attempt=1.log,3277,
8676f7f4ed880316614184d7d32e05efa26913fc,DELETE,regular-file,logs/dag_id=fifa_world_cup_finals_etl/run_id=manual__2025-11-09T202806.049908+0000/task_id=dbt_run_fifa_world_cup_finals/attempt=1.log,3640,
614b63eb743cb035707ca00f2d724795bf11b94c,DELETE,regular-file,logs/dag_id=fifa_world_cup_finals_etl/run_id=manual__2025-11-09T202806.049908+0000/task_id=scrape_fifa_raw_data/attempt=1.log,2307,
896226015fa02d992d153ee7e81a10ed22e052cb,DELETE,regular-file,logs/dag_id=fifa_world_cup_finals_etl/run_id=manual__2025-11-09T202812.867459+0000/task_id=dbt_run_fifa_world_cup_finals/attempt=1.log,3640,
0b4857529bfe142295da83080814966ab7ef76c7,DELETE,regular-file,logs/dag_id=fifa_world_cup_finals_etl/run_id=manual__2025-11-09T202812.867459+0000/task_id=scrape_fifa_raw_data/attempt=1.log,2307,
d48b752020cc15dac0a6a9ec504667a167b59a34,DELETE,regular-file,logs/dag_id=fifa_world_cup_finals_etl/run_id=manual__2025-11-09T203449.704643+0000/task_id=dbt_run_fifa_world_cup_finals/attempt=1.log,3620,
64637a3d4787438bd3ffc72462917454a8e709c8,DELETE,regular-file,logs/dag_id=fifa_world_cup_finals_etl/run_id=manual__2025-11-09T203449.704643+0000/task_id=scrape_fifa_raw_data/attempt=1.log,2307,
3a92b757948fb1993dbad43ff7b90c84c9a86a52,DELETE,regular-file,logs/dag_id=fifa_world_cup_finals_etl/run_id=manual__2025-11-09T203709.064088+0000/task_id=dbt_run_fifa_world_cup_finals/attempt=1.log,3620,
d415e9a9a9ed99508ddf5cc1105a0196b6a52bb6,DELETE,regular-file,logs/dag_id=fifa_world_cup_finals_etl/run_id=manual__2025-11-09T203709.064088+0000/task_id=dbt_run_fifa_world_cup_finals/attempt=2.log,3614,
89a257d35378c923c3b5482379b98a0bc8eea0e3,DELETE,regular-file,logs/dag_id=fifa_world_cup_finals_etl/run_id=manual__2025-11-09T203709.064088+0000/task_id=scrape_fifa_raw_data/attempt=1.log,2307,
1dae6745ef4e6245d10409002a5f0249ecbada04,DELETE,regular-file,logs/dag_id=fifa_world_cup_finals_etl/run_id=manual__2025-11-09T203719.786981+0000/task_id=dbt_run_fifa_world_cup_finals/attempt=1.log,3620,
fcfaa3e661780c5185e84e5a5e9fcc2352baa800,DELETE,regular-file,logs/dag_id=fifa_world_cup_finals_etl/run_id=manual__2025-11-09T203719.786981+0000/task_id=dbt_run_fifa_world_cup_finals/attempt=2.log,3617,
6deb8dc67236137afcd91e9f2f41819cbb544334,DELETE,regular-file,logs/dag_id=fifa_world_cup_finals_etl/run_id=manual__2025-11-09T203719.786981+0000/task_id=scrape_fifa_raw_data/attempt=1.log,2307,
550eed0a3e4552be87fdfb0776f200aa7ac6ba5e,DELETE,regular-file,logs/dag_id=fifa_world_cup_finals_etl/run_id=manual__2025-11-09T211041.350447+0000/task_id=dbt_run_fifa_world_cup_finals/attempt=1.log,3637,
706287dcc743521c7fbf54def9e55385c3ca6449,DELETE,regular-file,logs/dag_id=fifa_world_cup_finals_etl/run_id=manual__2025-11-09T211041.350447+0000/task_id=dbt_run_fifa_world_cup_finals/attempt=2.log,3631,
5f5024999a59c81f7fa8e22c53e6e367c0206739,DELETE,regular-file,logs/dag_id=fifa_world_cup_finals_etl/run_id=manual__2025-11-09T211041.350447+0000/task_id=scrape_fifa_raw_data/attempt=1.log,2307,
c832b83c019b204a5daf4aa9e2e43ae993f1f91d,DELETE,regular-file,logs/dag_id=fifa_world_cup_finals_etl/run_id=manual__2025-11-09T223738.931997+0000/task_id=dbt_run_fifa_world_cup_finals/attempt=1.log,3640,
59970443d83da7e917935bbbc5c9064b5d487e7a,DELETE,regular-file,logs/dag_id=fifa_world_cup_finals_etl/run_id=manual__2025-11-09T223738.931997+0000/task_id=dbt_run_fifa_world_cup_finals/attempt=2.log,3634,
5f185e55929e85a67317681f14f3c54027daadcf,DELETE,regular-file,logs/dag_id=fifa_world_cup_finals_etl/run_id=manual__2025-11-09T223738.931997+0000/task_id=scrape_fifa_raw_data/attempt=1.log,2307,
51a3e918c7c4c05476cee39bec6759f205ec6ad2,DELETE,regular-file,logs/dag_id=fifa_world_cup_finals_etl/run_id=manual__2025-11-09T230721.226107+0000/task_id=dbt_run_fifa_world_cup_finals/attempt=1.log,3640,
1b3f47b6b962cfacbaf08093261d718d02315a7c,DELETE,regular-file,logs/dag_id=fifa_world_cup_finals_etl/run_id=manual__2025-11-09T230721.226107+0000/task_id=scrape_fifa_raw_data/attempt=1.log,2307,
a5d4a3968f63bca3380d50c2e51859cb23d41b0a,DELETE,regular-file,logs/dag_id=fifa_world_cup_finals_etl/run_id=manual__2025-11-09T231227.997867+0000/task_id=dbt_run_fifa_world_cup_finals/attempt=1.log,3640,
879cb6aab913faf2969507490175ffa47f801e30,DELETE,regular-file,logs/dag_id=fifa_world_cup_finals_etl/run_id=manual__2025-11-09T231227.997867+0000/task_id=scrape_fifa_raw_data/attempt=1.log,7206,
9f57b6d25946df9826bb2e7ca9f7d958f2bc540c,DELETE,regular-file,logs/dag_id=fifa_world_cup_finals_etl/run_id=manual__2025-11-09T231227.997867+0000/task_id=scrape_fifa_raw_data/attempt=2.log,2307,
a7051a902a39108982870bea2abe358cb4058f86,DELETE,regular-file,logs/dag_id=fifa_world_cup_finals_etl/run_id=manual__2025-11-09T231235.620004+0000/task_id=dbt_run_fifa_world_cup_finals/attempt=1.log,3640,
bff7310b52fbfb4890fdf45a4698187ba45f0ab9,DELETE,regular-file,logs/dag_id=fifa_world_cup_finals_etl/run_id=manual__2025-11-09T231235.620004+0000/task_id=dbt_run_fifa_world_cup_finals/attempt=2.log,3637,
6c25409957d30511a613b014dbed1d8a407aa5eb,DELETE,regular-file,logs/dag_id=fifa_world_cup_finals_etl/run_id=manual__2025-11-09T231235.620004+0000/task_id=scrape_fifa_raw_data/attempt=1.log,2307,
cd0ff6f3861627414a65cd367ff8cba091d3268b,DELETE,regular-file,logs/dag_id=fifa_world_cup_finals_etl/run_id=manual__2025-11-09T232142.896399+0000/task_id=dbt_run_fifa_world_cup_finals/attempt=1.log,3845,
1bb1f0c73f4ba5806af2652d99ad4068aa3a34e2,DELETE,regular-file,logs/dag_id=fifa_world_cup_finals_etl/run_id=manual__2025-11-09T232142.896399+0000/task_id=dbt_run_fifa_world_cup_finals/attempt=2.log,3839,
47b2678e84c01d3e6c98d974a337af8bf45d013b,DELETE,regular-file,logs/dag_id=fifa_world_cup_finals_etl/run_id=manual__2025-11-09T232142.896399+0000/task_id=scrape_fifa_raw_data/attempt=1.log,2307,
516fb9d4d83d067dfd9ec4b2af95bd707987309d,DELETE,regular-file,logs/dag_id=fifa_world_cup_finals_etl/run_id=manual__2025-11-09T234158.622170+0000/task_id=dbt_run_fifa_world_cup_finals/attempt=1.log,3845,
661789af7094542b861b30f57400174e9f031238,DELETE,regular-file,logs/dag_id=fifa_world_cup_finals_etl/run_id=manual__2025-11-09T234158.622170+0000/task_id=scrape_fifa_raw_data/attempt=1.log,2307,
4a6e6d5b0d2d57de02df4d1f9b0c199047ed9684,DELETE,regular-file,logs/dag_id=fifa_world_cup_finals_etl/run_id=manual__2025-11-09T234204.237179+0000/task_id=dbt_run_fifa_world_cup_finals/attempt=1.log,3845,
fe45d3d803afc14a077e11c5e1e8600b9df2196d,DELETE,regular-file,logs/dag_id=fifa_world_cup_finals_etl/run_id=manual__2025-11-09T234204.237179+0000/task_id=scrape_fifa_raw_data/attempt=1.log,2307,
dc6bc1caf0a7976f0385bcd94603a379c70c2363,DELETE,regular-file,logs/dag_id=fifa_world_cup_finals_etl/run_id=manual__2025-11-09T234839.263112+0000/task_id=scrape_fifa_raw_data/attempt=1.log,5472,
f5b14e5e68cfb60d506fa0279da6b370d0769792,DELETE,regular-file,logs/dag_id=fifa_world_cup_finals_etl/run_id=manual__2025-11-09T234845.210000+0000/task_id=dbt_run_fifa_world_cup_finals/attempt=1.log,3865,
b9e0eb55a83e8fcee3cf4246c122157ec99d9510,DELETE,regular-file,logs/dag_id=fifa_world_cup_finals_etl/run_id=manual__2025-11-09T234845.210000+0000/task_id=scrape_fifa_raw_data/attempt=1.log,2307,
79ec14cb1465e2034f2acac1a6bf15327389600c,DELETE,regular-file,logs/dag_id=fifa_world_cup_finals_etl/run_id=scheduled__2025-11-02T000000+0000/task_id=dbt_run_fifa_world_cup_finals/attempt=1.log,231672,
cac565d85ea1565267d48da09defa464620b3f07,DELETE,regular-file,logs/dag_id=fifa_world_cup_finals_etl/run_id=scheduled__2025-11-02T000000+0000/task_id=dbt_run_fifa_world_cup_finals/attempt=2.log,44579,
de783f4609cf82c43ed8c121b7935fd4f9a51328,DELETE,regular-file,logs/dag_id=fifa_world_cup_finals_etl/run_id=scheduled__2025-11-02T000000+0000/task_id=diagnose_dbt_path/attempt=1.log,8379,
3c193a2584133b30e3ac935442d1a3630b662f73,DELETE,regular-file,logs/dag_id=fifa_world_cup_finals_etl/run_id=scheduled__2025-11-02T000000+0000/task_id=scrape_fifa_raw_data/attempt=1.log,261363,
c302592238695ec75197a517453b991f9b6cdc15,DELETE,regular-file,logs/dag_id=fifa_world_cup_finals_etl/run_id=scheduled__2025-11-02T000000+0000/task_id=scrape_fifa_raw_data/attempt=2.log,38641,
f4146f539134eeba715a23e5dc9a7f0e6c6120ff,DELETE,regular-file,logs/dag_id=fifa_world_cup_finals_etl/run_id=scheduled__2025-11-02T000000+0000/task_id=wait_for_postgres/attempt=1.log,16215,
4f28efe41ca0fe02c0e016cbc9faa84e179df0f7,DELETE,regular-file,logs/dag_id=test_dag/run_id=scheduled__2025-11-08T000000+0000/task_id=mostrar_fecha/attempt=1.log,2539,
b960e4f9fdd41f2ef30fdb1cc2062143b563cc92,DELETE,regular-file,logs/dag_processor_manager/dag_processor_manager.log,1223564,
75cd8013ec06a321f324aa6243a16160fa71f44e,DELETE,regular-file,logs/scheduler/2025-11-09/dag_final.py.log,1022497,
e8c7fe0802a5f000fba558d0da8c09cac4f31aba,DELETE,regular-file,logs/scheduler/2025-11-09/test_dag.py.log,1112251,
da62813d968bc9f4f431758ed1d2630485731cab,DELETE,regular-file,logs/scheduler/2025-11-10/dag_final.py.log,432596,
8bb4acc54c78bf69bf595328a7ff0a41a5e65259,DELETE,regular-file,logs/scheduler/2025-11-10/test_dag.py.log,258528,
